source_id,document_id,identity,official_url,sha256,acquired_at,acquisition_reference,document_notes
SRC-INDIA-APPROVAL-MODELS-2011,2019-AMENDMENT-APPROVAL-OF-MODELS-RULES-1732709395-011c071c06,"Legal Metrology (Approval of Models) (Amendment) Rules, 2019 — G.S.R. 823(E), 6 November 2019",https://consumeraffairs.gov.in/public/upload/files/2019%20Amendment%20Approval%20of%20models%20Rules_1732709395.pdf,011c071c06dac27a3229c0f80bcd3e228fc034565ea47f2c1abc26715f00c2fc,2026-09-28T22:13:19+05:30,REVIEW-SOURCE:SRC-INDIA-APPROVAL-MODELS-2011:2019-AMENDMENT-APPROVAL-OF-MODELS-RULES-1732709395-011c071c06; controlled-copy=phase25_external_review_sources_v2/APPROVAL_MODELS/2019 Amendment Approval of models Rules_1732709395.pdf,Controlled amendment document retained in the Phase 25 review evidence set. SHA-256 identifies the exact retained PDF bytes. Official source provenance and retained-copy identity were confirmed during independent source review. 
SRC-INDIA-APPROVAL-MODELS-2011,APPROVAL-OF-MODELS-RULES-0-1732709311-ccca7a078b,"Legal Metrology (Approval of Models) Rules, 2011 — G.S.R. 183(E), 1 March 2011",https://consumeraffairs.gov.in/public/upload/files/approval_of_models_rules_0_1732709311.pdf,ccca7a078be604d1f8c1a1f82a3444097586ea2686069e42e6910433f2cb6d87,2026-09-28T22:13:19+05:30,REVIEW-SOURCE:SRC-INDIA-APPROVAL-MODELS-2011:APPROVAL-OF-MODELS-RULES-0-1732709311-ccca7a078b; controlled-copy=phase25_external_review_sources_v2/APPROVAL_MODELS/approval_of_models_rules_0_1732709311.pdf,Controlled principal rules document retained in the Phase 25 review evidence set. SHA-256 identifies the exact retained PDF bytes. Official source provenance and retained-copy identity were confirmed during independent source review.
SRC-INDIA-GATC,GATC-AMENDMENT-RULES-2016-de1a9769bf,"Legal Metrology (Government Approved Test Centre) Amendment Rules, 2016 — G.S.R. 94(E), 20 January 2016",http://consumeraffairs.gov.in/public/upload/files/7(ii)_0_1732710215.pdf,de1a9769bf6f4a33f6ae9f90f82ddce0f62b59330ed3bd1b08c13508debb6628,2026-09-28T22:13:19+05:30,"REVIEW-SOURCE:SRC-INDIA-GATC:GATC-AMENDMENT-RULES-2016-de1a9769bf; controlled-copy=phase25_external_review_sources_v2/GATC/GATC Amendment Rules, 2016.pdf",Controlled amendment document retained in the Phase 25 review evidence set. SHA-256 identifies the exact retained PDF bytes. Official source provenance and retained-copy identity were confirmed during independent source review. 
SRC-INDIA-GATC,GATC-AMENDMENT-RULES-2021-90830934dd,"Legal Metrology (Government Approved Test Centre) Amendment Rules, 2021 — G.S.R. 95(E), 1 February 2021",https://consumeraffairs.gov.in/public/upload/files/2021%20GATC%20amendment_1732710258.pdf,90830934dded49cf2a595d6ff4403b96c57ecf0af792858ab82d94ae1091fab6,2026-09-28T22:13:19+05:30,"REVIEW-SOURCE:SRC-INDIA-GATC:GATC-AMENDMENT-RULES-2021-90830934dd; controlled-copy=phase25_external_review_sources_v2/GATC/GATC Amendment Rules, 2021.pdf",Controlled amendment document retained in the Phase 25 review evidence set. SHA-256 identifies the exact retained PDF bytes. Official source provenance and retained-copy identity were confirmed during independent source review.
SRC-INDIA-GATC,GATC-AMENDMENT-RULES-2025-2d415fd7e4,"Legal Metrology (Government Approved Test Centre) Amendment Rules, 2025 — G.S.R. 779(E), 23 October 2025",https://consumeraffairs.gov.in/public/upload/files/267111_1761404639.pdf,2d415fd7e432195615f35ca1cee369cbe67e3b00222fd3c7662177715e804997,2026-09-28T22:13:19+05:30,"REVIEW-SOURCE:SRC-INDIA-GATC:GATC-AMENDMENT-RULES-2025-2d415fd7e4; controlled-copy=phase25_external_review_sources_v2/GATC/GATC Amendment Rules, 2025.pdf",Controlled amendment document retained in the Phase 25 review evidence set. SHA-256 identifies the exact retained PDF bytes. Official source provenance and retained-copy identity were confirmed during independent source review.
SRC-INDIA-GATC,GATC-AMENDMENT-RULES-2026-29f3e607cf,"Legal Metrology (Government Approved Test Centre) Amendment Rules, 2026 — G.S.R. 346(E), 8 May 2026",https://consumeraffairs.gov.in/public/upload/files/GATC_Amendment_Rules_2026_1778476324.pdf,29f3e607cf9a0b92f842bfa0925432b65a49fc377466d45e0ee748a7597059fc,2026-09-28T22:13:19+05:30,"REVIEW-SOURCE:SRC-INDIA-GATC:GATC-AMENDMENT-RULES-2026-29f3e607cf; controlled-copy=phase25_external_review_sources_v2/GATC/GATC Amendment Rules, 2026.pdf",Controlled amendment document retained in the Phase 25 review evidence set. SHA-256 identifies the exact retained PDF bytes. Official source provenance and retained-copy identity were confirmed during independent source review.
SRC-INDIA-GATC,GATC-RULES-2013-cf05d22d30,"Legal Metrology (Government Approved Test Centre) Rules, 2013 — G.S.R. 593(E), 5 September 2013",http://consumeraffairs.gov.in/public/upload/files/gatc_1732710153.pdf,cf05d22d3057dd860b8517fd74bb024586ef3068202dd8748861ff966c0407c3,2026-09-28T22:13:19+05:30,"REVIEW-SOURCE:SRC-INDIA-GATC:GATC-RULES-2013-cf05d22d30; controlled-copy=phase25_external_review_sources_v2/GATC/GATC Rules, 2013.pdf",Controlled principal rules document retained in the Phase 25 review evidence set. SHA-256 identifies the exact retained PDF bytes. Official source provenance and retained-copy identity were confirmed during independent source review. 
SRC-INDIA-GATC,GATC-SECOND-AMENDMENT-RULES-2026-26c361ddc6,"Legal Metrology (Government Approved Test Centre) Second Amendment Rules, 2026 — G.S.R. 489(E), 17 June 2026",https://consumeraffairs.gov.in/public/upload/files/GATC_2nd_Amendment_1782108671.pdf,26c361ddc6e9c29135fa8efba658094a1e8c97c055071a838549b66de4077207,2026-09-28T22:13:19+05:30,"REVIEW-SOURCE:SRC-INDIA-GATC:GATC-SECOND-AMENDMENT-RULES-2026-26c361ddc6; controlled-copy=phase25_external_review_sources_v2/GATC/GATC Second Amendment Rules, 2026.pdf",Controlled amendment document retained in the Phase 25 review evidence set. SHA-256 identifies the exact retained PDF bytes. Official source provenance and retained-copy identity were confirmed during independent source review. 
SRC-INDIA-LM-GENERAL,CORRIGENDUM-GENERAL-RULES-2011-78ff5afd8a,"Corrigendum — Legal Metrology (General) Rules, 2011",https://consumeraffairs.gov.in/public/upload/files/GeneralRule11_c_1745998483.pdf,78ff5afd8a141334f49a47cf40637a998d239327343275aa9695ba02d340b4d8,2026-09-28T22:13:19+05:30,"REVIEW-SOURCE:SRC-INDIA-LM-GENERAL:CORRIGENDUM-GENERAL-RULES-2011-78ff5afd8a; controlled-copy=phase25_external_review_sources_v2/GENERAL/Corrigendum — General Rules, 2011.pdf",Controlled corrigendum document retained in the Phase 25 review evidence set. SHA-256 identifies the exact retained PDF bytes. Official source provenance and retained-copy identity were confirmed during independent source review. 
SRC-INDIA-LM-GENERAL,CORRIGENDUM-SECOND-AMENDMENT-RULES-2025-40f899522b,"Corrigendum — Legal Metrology (General) Second Amendment Rules, 2025 — Gas Meters",https://consumeraffairs.gov.in/public/upload/files/Corrigendum%20Gas%20Meters_1754973853.pdf,40f899522b90359c8c4fe6bdee3dcdc878bee4063efd35a9a04a009842ef2de6,2026-09-28T22:13:19+05:30,"REVIEW-SOURCE:SRC-INDIA-LM-GENERAL:CORRIGENDUM-SECOND-AMENDMENT-RULES-2025-40f899522b; controlled-copy=phase25_external_review_sources_v2/GENERAL/Corrigendum — Second Amendment Rules, 2025.pdf",Controlled corrigendum document retained in the Phase 25 review evidence set. SHA-256 identifies the exact retained PDF bytes. Official source provenance and retained-copy identity were confirmed during independent source review. 
SRC-INDIA-LM-GENERAL,FIFTH-AMENDMENT-RULES-2025-THERMOMETERS-6d2a358fb7,"Legal Metrology (General) Fifth Amendment Rules, 2025 — Thermometers — G.S.R. 536(E), 7 August 2025",https://consumeraffairs.gov.in/public/upload/files/Gen%20Rules%205th%20Amendment%20Thermometers_1756975842.pdf,6d2a358fb7a1bc9e61dae7741dc6d9b359146d66d8ab9732bc304b858d51c8f2,2026-09-28T22:13:19+05:30,"REVIEW-SOURCE:SRC-INDIA-LM-GENERAL:FIFTH-AMENDMENT-RULES-2025-THERMOMETERS-6d2a358fb7; controlled-copy=phase25_external_review_sources_v2/GENERAL/Fifth Amendment Rules, 2025 — Thermometers.pdf",Controlled amendment document retained in the Phase 25 review evidence set. SHA-256 identifies the exact retained PDF bytes. Official source provenance and retained-copy identity were confirmed during independent source review.
SRC-INDIA-LM-GENERAL,FIFTH-AMENDMENT-RULES-2026-55a2ae30eb,"Legal Metrology (General) Fifth Amendment Rules, 2026 — G.S.R. 809(E), 15 September 2026",https://consumeraffairs.gov.in/public/upload/files/LM_Gen_Rules_Energy_Meters_1789967396.pdf,55a2ae30eb72e348b5f1a1462732e67dbca13629add161db0e4b3ada1391a4cd,2026-09-28T22:13:19+05:30,"REVIEW-SOURCE:SRC-INDIA-LM-GENERAL:FIFTH-AMENDMENT-RULES-2026-55a2ae30eb; controlled-copy=phase25_external_review_sources_v2/GENERAL/Fifth Amendment Rules, 2026.pdf",Controlled amendment document retained in the Phase 25 review evidence set. SHA-256 identifies the exact retained PDF bytes. Official source provenance and retained-copy identity were confirmed during independent source review. 
SRC-INDIA-LM-GENERAL,FOURTH-AMENDMENT-RULES-2025-MOISTURE-METERS-90d3a61d5f,"Legal Metrology (General) Fourth Amendment Rules, 2025 — Moisture Meters — G.S.R. 525(E), 4 August 2025",https://consumeraffairs.gov.in/public/upload/files/Gen%20Rule-%20Moisture%20Meters_1755669735.pdf,90d3a61d5fee4faee19ce0adcf3f4849e197255a06e2dbb3b78d55f9c9f786fa,2026-09-28T22:13:19+05:30,"REVIEW-SOURCE:SRC-INDIA-LM-GENERAL:FOURTH-AMENDMENT-RULES-2025-MOISTURE-METERS-90d3a61d5f; controlled-copy=phase25_external_review_sources_v2/GENERAL/Fourth Amendment Rules, 2025 — Moisture Meters.pdf",Controlled amendment document retained in the Phase 25 review evidence set. SHA-256 identifies the exact retained PDF bytes. Official source provenance and retained-copy identity were confirmed during independent source review. 
SRC-INDIA-LM-GENERAL,FOURTH-AMENDMENT-RULES-2026-41ad797ce2,"Legal Metrology (General) Fourth Amendment Rules, 2026 — G.S.R. 568(E), 3 July 2026",https://consumeraffairs.gov.in/public/upload/files/Gen_Rules_4th_Amendment_NAWI_Fees_1783336378.pdf,41ad797ce2934ac3b66075b5e6ce41e1012f4c894a43b5d21096eeb2820cdee2,2026-09-28T22:13:19+05:30,"REVIEW-SOURCE:SRC-INDIA-LM-GENERAL:FOURTH-AMENDMENT-RULES-2026-41ad797ce2; controlled-copy=phase25_external_review_sources_v2/GENERAL/Fourth Amendment Rules, 2026.pdf",Controlled amendment document retained in the Phase 25 review evidence set. SHA-256 identifies the exact retained PDF bytes. Official source provenance and retained-copy identity were confirmed during independent source review. 
SRC-INDIA-LM-GENERAL,GENERAL-AMENDMENT-RULES-2012-a0e780533a,"Legal Metrology (General) Amendment Rules, 2012 — G.S.R. 668(E), 4 September 2012",http://consumeraffairs.gov.in/public/upload/files/6(ii)_0_1732709637.pdf,a0e780533a966dbc46727ee1fc85ec122de013f21eb1d34611714499586d9774,2026-09-28T22:13:19+05:30,"REVIEW-SOURCE:SRC-INDIA-LM-GENERAL:GENERAL-AMENDMENT-RULES-2012-a0e780533a; controlled-copy=phase25_external_review_sources_v2/GENERAL/General Amendment Rules, 2012.pdf",Controlled amendment document retained in the Phase 25 review evidence set. SHA-256 identifies the exact retained PDF bytes. Official source provenance and retained-copy identity were confirmed during independent source review. 
SRC-INDIA-LM-GENERAL,GENERAL-AMENDMENT-RULES-2016-f684d8d9a5,"Legal Metrology (General Rule) Amendment Rules, 2016 — G.S.R. 875(E), 9 September 2016",https://consumeraffairs.nic.in/sites/default/files/uploads/legal-metrology-acts-rules/6%28iii%29.pdf,f684d8d9a53c48ca0e5f224627ceb04fc5d462d48cedd4f91a8371e37844ccaf,2026-09-28T22:13:19+05:30,"REVIEW-SOURCE:SRC-INDIA-LM-GENERAL:GENERAL-AMENDMENT-RULES-2016-f684d8d9a5; controlled-copy=phase25_external_review_sources_v2/GENERAL/General Amendment Rules, 2016.pdf",Controlled amendment document retained in the Phase 25 review evidence set. SHA-256 identifies the exact retained PDF bytes. Official source provenance and retained-copy identity were confirmed during independent source review.
SRC-INDIA-LM-GENERAL,GENERAL-AMENDMENT-RULES-2021-b8929c0df8,"Legal Metrology (General) (Amendment) Rules, 2021 — G.S.R. 149(E), 3 March 2021",https://consumeraffairs.nic.in/sites/default/files/uploads/legal-metrology-acts-rules/LM_General_Amendment_Rules2021.pdf,b8929c0df87f4eafbd65fa1358786c48bc4037eeec6e582b7376c5b2fce3e5f5,2026-09-28T22:13:19+05:30,"REVIEW-SOURCE:SRC-INDIA-LM-GENERAL:GENERAL-AMENDMENT-RULES-2021-b8929c0df8; controlled-copy=phase25_external_review_sources_v2/GENERAL/General Amendment Rules, 2021.pdf",Controlled amendment document retained in the Phase 25 review evidence set. SHA-256 identifies the exact retained PDF bytes. Official source provenance and retained-copy identity were confirmed during independent source review.
SRC-INDIA-LM-GENERAL,GENERAL-AMENDMENT-RULES-2022-3a441af79d,"Legal Metrology (General) Amendment Rules, 2022 — G.S.R. 763(E), 4 October 2022",https://consumeraffairs.nic.in/sites/default/files/uploads/legal-metrology-acts-rules/239353.pdf,3a441af79d9d19f90d77483ea32bc835632d0a89a50aaa23d4d759f818b15f8d,2026-09-28T22:13:19+05:30,"REVIEW-SOURCE:SRC-INDIA-LM-GENERAL:GENERAL-AMENDMENT-RULES-2022-3a441af79d; controlled-copy=phase25_external_review_sources_v2/GENERAL/General Amendment Rules, 2022.pdf",Controlled amendment document retained in the Phase 25 review evidence set. SHA-256 identifies the exact retained PDF bytes. Official source provenance and retained-copy identity were confirmed during independent source review.
SRC-INDIA-LM-GENERAL,GENERAL-AMENDMENT-RULES-2026-9ed05a9cf9,"Legal Metrology (General) Amendment Rules, 2026 — G.S.R. 10(E), 7 January 2026",https://consumeraffairs.gov.in/public/upload/files/LM_General_Rule_Amendment_2026_1768192719.pdf,9ed05a9cf9ae6d830c1c21f2cbdd37ba6f4eac036791bb33ae36d996e0b6eefc,2026-09-28T22:13:19+05:30,"REVIEW-SOURCE:SRC-INDIA-LM-GENERAL:GENERAL-AMENDMENT-RULES-2026-9ed05a9cf9; controlled-copy=phase25_external_review_sources_v2/GENERAL/General Amendment Rules, 2026.pdf",Controlled amendment document retained in the Phase 25 review evidence set. SHA-256 identifies the exact retained PDF bytes. Official source provenance and retained-copy identity were confirmed during independent source review.
SRC-INDIA-LM-GENERAL,GENERAL-RULES-2011-c299488d51,"Legal Metrology (General) Rules, 2011 — G.S.R. 71(E), 7 February 2011",http://consumeraffairs.gov.in/public/upload/files/6_0_1732709495.pdf,c299488d511f753f7c8b9cd53aed01d2e6d4187794a7f603c273144312adea86,2026-09-28T22:13:19+05:30,"REVIEW-SOURCE:SRC-INDIA-LM-GENERAL:GENERAL-RULES-2011-c299488d51; controlled-copy=phase25_external_review_sources_v2/GENERAL/General Rules, 2011.pdf",Controlled principal rules document retained in the Phase 25 review evidence set. SHA-256 identifies the exact retained PDF bytes. Official source provenance and retained-copy identity were confirmed during independent source review. 
SRC-INDIA-LM-GENERAL,RADAR-EQUIPMENT-GEN-RULES-AMENDMENT-1-1746001628-a1d6c09c8a,"Legal Metrology (General) Amendment Rules, 2025 — Radar Equipment for measuring speed of vehicles — G.S.R. 34(E), 14 January 2025",https://consumeraffairs.nic.in/legalmetrologyactsandrules/radar-equipment-measurement-speed-vehicle,a1d6c09c8ae135d2066f7f9e74645186a837895953aaa8e5465b250b7a495cf1,2026-09-28T22:13:19+05:30,REVIEW-SOURCE:SRC-INDIA-LM-GENERAL:RADAR-EQUIPMENT-GEN-RULES-AMENDMENT-1-1746001628-a1d6c09c8a; controlled-copy=phase25_external_review_sources_v2/GENERAL/Radar Equipment Gen Rules Amendment (1)_1746001628.pdf,Controlled amendment document retained in the Phase 25 review evidence set. SHA-256 identifies the exact retained PDF bytes. Official source provenance and retained-copy identity were confirmed during independent source review.
SRC-INDIA-LM-GENERAL,SECOND-AMENDMENT-RULES-2025-GAS-METERS-465c8f0f6a,"Legal Metrology (General) Second Amendment Rules, 2025 — Gas Meters — G.S.R. 242(E), 21 April 2025",https://consumeraffairs.gov.in/public/upload/files/2025.4.21%20Gas%20Meter%20General%20Rules_1746001659.pdf,465c8f0f6ac0769ed21d879b164cfeb101981371b9a0c6ad689ed04d11b2cbd3,2026-09-28T22:13:19+05:30,"REVIEW-SOURCE:SRC-INDIA-LM-GENERAL:SECOND-AMENDMENT-RULES-2025-GAS-METERS-465c8f0f6a; controlled-copy=phase25_external_review_sources_v2/GENERAL/Second Amendment Rules, 2025 — Gas Meters.pdf",Controlled amendment document retained in the Phase 25 review evidence set. SHA-256 identifies the exact retained PDF bytes. Official source provenance and retained-copy identity were confirmed during independent source review.
SRC-INDIA-LM-GENERAL,SECOND-AMENDMENT-RULES-2026-CONTINUOUS-ELECTRICAL-THERMOMETER-1168f57658,"Legal Metrology (General) Second Amendment Rules, 2026 — Continuous Electrical Thermometer — G.S.R. 122(E), 11 February 2026",https://consumeraffairs.gov.in/public/upload/files/Continuous_Electrical_Thermometer_1771307554.pdf,1168f57658e3e60082129a6f531c80fa873d0008fb7e1e52e7a45597208149f7,2026-09-28T22:13:19+05:30,"REVIEW-SOURCE:SRC-INDIA-LM-GENERAL:SECOND-AMENDMENT-RULES-2026-CONTINUOUS-ELECTRICAL-THERMOMETER-1168f57658; controlled-copy=phase25_external_review_sources_v2/GENERAL/Second Amendment Rules, 2026 — Continuous Electrical Thermometer.pdf",Controlled amendment document retained in the Phase 25 review evidence set. SHA-256 identifies the exact retained PDF bytes. Official source provenance and retained-copy identity were confirmed during independent source review.
SRC-INDIA-LM-GENERAL,SEVENTH-AMENDMENT-RULES-2025-16f8be5dd3,"Legal Metrology (General) Seventh Amendment Rules, 2025 — G.S.R. 905(E), 18 December 2025",https://consumeraffairs.gov.in/public/upload/files/2025.12.18%20Gen%20Rules%207th%20Amendment%202%20yr%20verification%20period_1766504014.pdf,16f8be5dd392d43da0f9e0a5c7f31c724830c6aa4b380a6b8287c6a63a4e1a84,2026-09-28T22:13:19+05:30,"REVIEW-SOURCE:SRC-INDIA-LM-GENERAL:SEVENTH-AMENDMENT-RULES-2025-16f8be5dd3; controlled-copy=phase25_external_review_sources_v2/GENERAL/Seventh Amendment Rules, 2025.pdf",Controlled amendment document retained in the Phase 25 review evidence set. SHA-256 identifies the exact retained PDF bytes. Official source provenance and retained-copy identity were confirmed during independent source review.
SRC-INDIA-LM-GENERAL,SIXTH-AMENDMENT-RULES-2025-BREATH-ANALYSER-bf41e24d51,"Legal Metrology (General) Sixth Amendment Rules, 2025 — Breath Analyser — G.S.R. 875(E), 28 November 2025",https://consumeraffairs.gov.in/public/upload/files/Gen%20Rules%206th%20Amendment%20Breath%20Analyser_1764862018.pdf,bf41e24d5109a61dce855838ef570356547993473abca1ae3c97d0a737c2f278,2026-09-28T22:13:19+05:30,"REVIEW-SOURCE:SRC-INDIA-LM-GENERAL:SIXTH-AMENDMENT-RULES-2025-BREATH-ANALYSER-bf41e24d51; controlled-copy=phase25_external_review_sources_v2/GENERAL/Sixth Amendment Rules, 2025 — Breath Analyser.pdf",Controlled amendment document retained in the Phase 25 review evidence set. SHA-256 identifies the exact retained PDF bytes. Official source provenance and retained-copy identity were confirmed during independent source review.
SRC-INDIA-LM-GENERAL,THIRD-AMENDMENT-RULES-2025-SPHYGMOMANOMETER-707f405fb5,"Legal Metrology (General) Third Amendment Rules, 2025 — Sphygmomanometer — G.S.R. 498(E), 28 July 2025",https://consumeraffairs.gov.in/public/upload/files/Sphygmomanomneters%20General%20Rules_1754973919.pdf,707f405fb59adf1972e5a7a83e988d69a8bda80ab96313f90d5e935e32b93788,2026-09-28T22:13:19+05:30,"REVIEW-SOURCE:SRC-INDIA-LM-GENERAL:THIRD-AMENDMENT-RULES-2025-SPHYGMOMANOMETER-707f405fb5; controlled-copy=phase25_external_review_sources_v2/GENERAL/Third Amendment Rules, 2025 — Sphygmomanometer.pdf",Controlled amendment document retained in the Phase 25 review evidence set. SHA-256 identifies the exact retained PDF bytes. Official source provenance and retained-copy identity were confirmed during independent source review.
SRC-INDIA-LM-GENERAL,THIRD-AMENDMENT-RULES-2026-702493cb97,"Legal Metrology (General) Third Amendment Rules, 2026 — G.S.R. 175(E), 12 March 2026",https://consumeraffairs.gov.in/public/upload/files/GSR%20175(E)_1777015860.pdf,702493cb977851a210d1438acefa123190d802b34c2ed719046c27be011240c2,2026-09-28T22:13:19+05:30,"REVIEW-SOURCE:SRC-INDIA-LM-GENERAL:THIRD-AMENDMENT-RULES-2026-702493cb97; controlled-copy=phase25_external_review_sources_v2/GENERAL/Third Amendment Rules, 2026.pdf",Controlled amendment document retained in the Phase 25 review evidence set. SHA-256 identifies the exact retained PDF bytes. Official source provenance and retained-copy identity were confirmed during independent source review. 
SRC-R76-1-2006-E,principal,OIML R 76-1:2006 (E) — Non-automatic weighing instruments — Part 1: Metrological and technical requirements - Tests,https://www.oiml.org/en/files/pdf_r/r076-1-e06.pdf,06d9674f4f557ea053482960472db560aaedcc7665e6dabb4b4012333f3e068b,2026-09-28T22:13:19+05:30,REVIEW-SOURCE:SRC-R76-1-2006-E:principal; controlled-copy=phase25_external_review_sources_v2/OIML/OIML_R76-1_2006_E.pdf,Controlled OIML principal recommendation document retained in the Phase 25 review evidence set. SHA-256 identifies the exact retained PDF bytes. Official source provenance and retained-copy identity were confirmed during independent source review.
SRC-R76-2-2007-E,principal,OIML R 76-2:2007 (E) — Non-automatic weighing instruments — Part 2: Test report format,https://www.oiml.org/en/files/pdf_r/r076-2-e07.pdf,650b8ea9b1001499574f585f0eab0a097ba290118da312b6a05a17bc856a3820,2026-09-28T22:13:19+05:30,REVIEW-SOURCE:SRC-R76-2-2007-E:principal; controlled-copy=phase25_external_review_sources_v2/OIML/OIML_R76-2_2007_E.pdf,Controlled OIML principal recommendation document retained in the Phase 25 review evidence set. SHA-256 identifies the exact retained PDF bytes. Official source provenance and retained-copy identity were confirmed during independent source review.
