test_code,available_procedure_schema_versions,available_observation_schema_versions,implementation_version,available_runtime_bindings_json,selected_procedure_schema_version,selected_observation_schema_version,selected_runtime_binding_sha256,evidence_reference,review_status,reviewed_by,reviewer_role,reviewer_organization,reviewed_at,independent_of_implementation,review_notes
CREEP,v1;v2,v1;v2,section6-creep-v1,"[{""compatible_protocols"":[""CREEP_V1""],""observation_schema_version"":""v1"",""procedure_schema_version"":""v1"",""runtime_binding_sha256"":""ff4143f22457818d9a2c7953a60be795aefdfe80fd17366b719871654dab6292""},{""compatible_protocols"":[""CREEP_V2""],""observation_schema_version"":""v2"",""procedure_schema_version"":""v2"",""runtime_binding_sha256"":""d0b5a76320cb7d5565a91102584e53ad12363db80d63984614632db0023f7aac""}]",v2,v2,d0b5a76320cb7d5565a91102584e53ad12363db80d63984614632db0023f7aac,PHASE25_RUNTIME_REVIEW:38aa764:CREEP:section6-creep-v1:v2/v2:d0b5a76320cb7d5565a91102584e53ad12363db80d63984614632db0023f7aac,VERIFIED,Dr. Y.G prajapati,Independent Regulatory Reviewer,Independent Reviewer,2026-09-29T09:58:00+05:30,true,"Selected native v2/v2 because it is the exported compatible higher-version runtime binding for this evaluator surface. The selected pair and SHA-256 exactly match the exported runtime binding catalog for implementation baseline 38aa764. This VERIFIED status is limited to the runtime schema selection/binding identity; it does not by itself verify or approve unresolved executable policy values, external-standard procedure constants, or the final regulatory declaration."
DAMP_HEAT,v1;v2,v1;v2,section13-fix11-v2,"[{""compatible_protocols"":[""DAMP_HEAT_V1""],""observation_schema_version"":""v1"",""procedure_schema_version"":""v1"",""runtime_binding_sha256"":""c5a368eef6a1cf4820f155da86d0ca19f3d043da2021b6defa388937d60b84b3""},{""compatible_protocols"":[""DAMP_HEAT_V2""],""observation_schema_version"":""v2"",""procedure_schema_version"":""v2"",""runtime_binding_sha256"":""b681ed7102f04cc9b7a7ac8a308a35e2c53ffe50f6009d259eeb58e5a8982d8a""}]",v2,v2,b681ed7102f04cc9b7a7ac8a308a35e2c53ffe50f6009d259eeb58e5a8982d8a,PHASE25_RUNTIME_REVIEW:38aa764:DAMP_HEAT:section13-fix11-v2:v2/v2:b681ed7102f04cc9b7a7ac8a308a35e2c53ffe50f6009d259eeb58e5a8982d8a,VERIFIED,Dr. Y.G prajapati,Independent Regulatory Reviewer,Independent Reviewer,2026-09-29T09:58:00+05:30,true,"Selected native v2/v2 because it is the exported compatible higher-version runtime binding for this evaluator surface. The selected pair and SHA-256 exactly match the exported runtime binding catalog for implementation baseline 38aa764. This VERIFIED status is limited to the runtime schema selection/binding identity; it does not by itself verify or approve unresolved executable policy values, external-standard procedure constants, or the final regulatory declaration."
DISCRIMINATION,v1,v1,section4-discrimination-fix12-v2,"[{""compatible_protocols"":[""DISCRIMINATION_V1""],""observation_schema_version"":""v1"",""procedure_schema_version"":""v1"",""runtime_binding_sha256"":""41b7e180f784cf8de93a4d84e6e901eeafef4ebeeca963d1a2145a0e266efeac""}]",v1,v1,41b7e180f784cf8de93a4d84e6e901eeafef4ebeeca963d1a2145a0e266efeac,PHASE25_RUNTIME_REVIEW:38aa764:DISCRIMINATION:section4-discrimination-fix12-v2:v1/v1:41b7e180f784cf8de93a4d84e6e901eeafef4ebeeca963d1a2145a0e266efeac,VERIFIED,Dr. Y.G prajapati,Independent Regulatory Reviewer,Independent Reviewer,2026-09-29T09:58:00+05:30,true,"Selected v1/v1 because it is the exported compatible runtime binding for this evaluator surface. The selected pair and SHA-256 exactly match the exported runtime binding catalog for implementation baseline 38aa764. This VERIFIED status is limited to the runtime schema selection/binding identity; it does not by itself verify or approve unresolved executable policy values, external-standard procedure constants, or the final regulatory declaration."
DISTURBANCE_BURST,v1;v2,v1;v2,section12-v3,"[{""compatible_protocols"":[""DISTURBANCE_V1""],""observation_schema_version"":""v1"",""procedure_schema_version"":""v1"",""runtime_binding_sha256"":""cd583049b06602912fc0db2760ed35299b5f73a77cdebe5a872878262e7bfb45""},{""compatible_protocols"":[""DISTURBANCE_V2""],""observation_schema_version"":""v2"",""procedure_schema_version"":""v2"",""runtime_binding_sha256"":""f60fed0f08476b230366a93a5268d210e38bd8a0c619f8314b502f828572ff48""}]",v2,v2,f60fed0f08476b230366a93a5268d210e38bd8a0c619f8314b502f828572ff48,PHASE25_RUNTIME_REVIEW:38aa764:DISTURBANCE_BURST:section12-v3:v2/v2:f60fed0f08476b230366a93a5268d210e38bd8a0c619f8314b502f828572ff48,VERIFIED,Dr. Y.G prajapati,Independent Regulatory Reviewer,Independent Reviewer,2026-09-29T09:58:00+05:30,true,"Selected native v2/v2 because it is the exported compatible higher-version runtime binding for this evaluator surface. The selected pair and SHA-256 exactly match the exported runtime binding catalog for implementation baseline 38aa764. This VERIFIED status is limited to the runtime schema selection/binding identity; it does not by itself verify or approve unresolved executable policy values, external-standard procedure constants, or the final regulatory declaration."
DISTURBANCE_CONDUCTED_RF,v1;v2,v1;v2,section12-v3,"[{""compatible_protocols"":[""DISTURBANCE_V1""],""observation_schema_version"":""v1"",""procedure_schema_version"":""v1"",""runtime_binding_sha256"":""9cee3140c3d3e80f0ba9cbb88b88bd5df6bb067434ea6c78062b135a7fe91b67""},{""compatible_protocols"":[""DISTURBANCE_V2""],""observation_schema_version"":""v2"",""procedure_schema_version"":""v2"",""runtime_binding_sha256"":""66d260833006eb89165cda42bc9abcefdbcb1925f677f8a0cb93ec7815093bba""}]",v2,v2,66d260833006eb89165cda42bc9abcefdbcb1925f677f8a0cb93ec7815093bba,PHASE25_RUNTIME_REVIEW:38aa764:DISTURBANCE_CONDUCTED_RF:section12-v3:v2/v2:66d260833006eb89165cda42bc9abcefdbcb1925f677f8a0cb93ec7815093bba,VERIFIED,Dr. Y.G prajapati,Independent Regulatory Reviewer,Independent Reviewer,2026-09-29T09:58:00+05:30,true,"Selected native v2/v2 because it is the exported compatible higher-version runtime binding for this evaluator surface. The selected pair and SHA-256 exactly match the exported runtime binding catalog for implementation baseline 38aa764. This VERIFIED status is limited to the runtime schema selection/binding identity; it does not by itself verify or approve unresolved executable policy values, external-standard procedure constants, or the final regulatory declaration."
DISTURBANCE_ESD,v1;v2,v1;v2,section12-v3,"[{""compatible_protocols"":[""DISTURBANCE_V1""],""observation_schema_version"":""v1"",""procedure_schema_version"":""v1"",""runtime_binding_sha256"":""af1f91459ca9d1d04a7f200572d0fd63c333f8333254efed7d2f6a42d9490cc7""},{""compatible_protocols"":[""DISTURBANCE_V2""],""observation_schema_version"":""v2"",""procedure_schema_version"":""v2"",""runtime_binding_sha256"":""9c32024755de9c924b33adfbc665e945f5d7b1f04ed292bd4dea85116e0e8f74""}]",v2,v2,9c32024755de9c924b33adfbc665e945f5d7b1f04ed292bd4dea85116e0e8f74,PHASE25_RUNTIME_REVIEW:38aa764:DISTURBANCE_ESD:section12-v3:v2/v2:9c32024755de9c924b33adfbc665e945f5d7b1f04ed292bd4dea85116e0e8f74,VERIFIED,Dr. Y.G prajapati,Independent Regulatory Reviewer,Independent Reviewer,2026-09-29T09:58:00+05:30,true,"Selected native v2/v2 because it is the exported compatible higher-version runtime binding for this evaluator surface. The selected pair and SHA-256 exactly match the exported runtime binding catalog for implementation baseline 38aa764. This VERIFIED status is limited to the runtime schema selection/binding identity; it does not by itself verify or approve unresolved executable policy values, external-standard procedure constants, or the final regulatory declaration."
DISTURBANCE_RADIATED_RF,v1;v2,v1;v2,section12-v3,"[{""compatible_protocols"":[""DISTURBANCE_V1""],""observation_schema_version"":""v1"",""procedure_schema_version"":""v1"",""runtime_binding_sha256"":""194c53afafa671117e65615f88d40bb8936ce6ee95c854740787a87ab604d287""},{""compatible_protocols"":[""DISTURBANCE_V2""],""observation_schema_version"":""v2"",""procedure_schema_version"":""v2"",""runtime_binding_sha256"":""8b4cecde93004de176b30a517ef646ad34db040afac1cdafe4c4733dc1270e7e""}]",v2,v2,8b4cecde93004de176b30a517ef646ad34db040afac1cdafe4c4733dc1270e7e,PHASE25_RUNTIME_REVIEW:38aa764:DISTURBANCE_RADIATED_RF:section12-v3:v2/v2:8b4cecde93004de176b30a517ef646ad34db040afac1cdafe4c4733dc1270e7e,VERIFIED,Dr. Y.G prajapati,Independent Regulatory Reviewer,Independent Reviewer,2026-09-29T09:58:00+05:30,true,"Selected native v2/v2 because it is the exported compatible higher-version runtime binding for this evaluator surface. The selected pair and SHA-256 exactly match the exported runtime binding catalog for implementation baseline 38aa764. This VERIFIED status is limited to the runtime schema selection/binding identity; it does not by itself verify or approve unresolved executable policy values, external-standard procedure constants, or the final regulatory declaration."
DISTURBANCE_SURGE,v1;v2,v1;v2,section12-v3,"[{""compatible_protocols"":[""DISTURBANCE_V1""],""observation_schema_version"":""v1"",""procedure_schema_version"":""v1"",""runtime_binding_sha256"":""446f2d0f8770e9dc2ed3ed451bfb4caef09d5ae3724bd44270d3ebf79e351319""},{""compatible_protocols"":[""DISTURBANCE_V2""],""observation_schema_version"":""v2"",""procedure_schema_version"":""v2"",""runtime_binding_sha256"":""b4b40f9f368ed0f745547382cbc29435c4da5b27a0ca0cea5b59300196ca06e3""}]",v2,v2,b4b40f9f368ed0f745547382cbc29435c4da5b27a0ca0cea5b59300196ca06e3,PHASE25_RUNTIME_REVIEW:38aa764:DISTURBANCE_SURGE:section12-v3:v2/v2:b4b40f9f368ed0f745547382cbc29435c4da5b27a0ca0cea5b59300196ca06e3,VERIFIED,Dr. Y.G prajapati,Independent Regulatory Reviewer,Independent Reviewer,2026-09-29T09:58:00+05:30,true,"Selected native v2/v2 because it is the exported compatible higher-version runtime binding for this evaluator surface. The selected pair and SHA-256 exactly match the exported runtime binding catalog for implementation baseline 38aa764. This VERIFIED status is limited to the runtime schema selection/binding identity; it does not by itself verify or approve unresolved executable policy values, external-standard procedure constants, or the final regulatory declaration."
DISTURBANCE_VEHICLE_SUPPLY,v1;v2,v1;v2,section12-v3,"[{""compatible_protocols"":[""DISTURBANCE_V1""],""observation_schema_version"":""v1"",""procedure_schema_version"":""v1"",""runtime_binding_sha256"":""fa98cf44334f55a5a3b52d990c0b3bfdaa2f66d6630e121f0b12887c495708f9""},{""compatible_protocols"":[""DISTURBANCE_V2""],""observation_schema_version"":""v2"",""procedure_schema_version"":""v2"",""runtime_binding_sha256"":""79ca1cc15c8a131b7cbbc9e451081483b7ccfd0f7e5a7db1a1107b46aabcd746""}]",v2,v2,79ca1cc15c8a131b7cbbc9e451081483b7ccfd0f7e5a7db1a1107b46aabcd746,PHASE25_RUNTIME_REVIEW:38aa764:DISTURBANCE_VEHICLE_SUPPLY:section12-v3:v2/v2:79ca1cc15c8a131b7cbbc9e451081483b7ccfd0f7e5a7db1a1107b46aabcd746,VERIFIED,Dr. Y.G prajapati,Independent Regulatory Reviewer,Independent Reviewer,2026-09-29T09:58:00+05:30,true,"Selected native v2/v2 because it is the exported compatible higher-version runtime binding for this evaluator surface. The selected pair and SHA-256 exactly match the exported runtime binding catalog for implementation baseline 38aa764. This VERIFIED status is limited to the runtime schema selection/binding identity; it does not by itself verify or approve unresolved executable policy values, external-standard procedure constants, or the final regulatory declaration."
DISTURBANCE_VOLTAGE_DIP,v1;v2,v1;v2,section12-v3,"[{""compatible_protocols"":[""DISTURBANCE_V1""],""observation_schema_version"":""v1"",""procedure_schema_version"":""v1"",""runtime_binding_sha256"":""8507de17e86d35a8e9129ac4d89215b09800fbfa7e98ca951f3f112bdc3fca2c""},{""compatible_protocols"":[""DISTURBANCE_V2""],""observation_schema_version"":""v2"",""procedure_schema_version"":""v2"",""runtime_binding_sha256"":""5163cf58dfcaddf624e04fedd6d9a6bafd28a062e12aa34888d1d8fb1eaa86e5""}]",v2,v2,5163cf58dfcaddf624e04fedd6d9a6bafd28a062e12aa34888d1d8fb1eaa86e5,PHASE25_RUNTIME_REVIEW:38aa764:DISTURBANCE_VOLTAGE_DIP:section12-v3:v2/v2:5163cf58dfcaddf624e04fedd6d9a6bafd28a062e12aa34888d1d8fb1eaa86e5,VERIFIED,Dr. Y.G prajapati,Independent Regulatory Reviewer,Independent Reviewer,2026-09-29T09:58:00+05:30,true,"Selected native v2/v2 because it is the exported compatible higher-version runtime binding for this evaluator surface. The selected pair and SHA-256 exactly match the exported runtime binding catalog for implementation baseline 38aa764. This VERIFIED status is limited to the runtime schema selection/binding identity; it does not by itself verify or approve unresolved executable policy values, external-standard procedure constants, or the final regulatory declaration."
ECCENTRICITY,v1,v1,section3-fix12-v2,"[{""compatible_protocols"":[""ECCENTRICITY_V1""],""observation_schema_version"":""v1"",""procedure_schema_version"":""v1"",""runtime_binding_sha256"":""4c4e68325f859bf9247ce2a3cf9fd7083a109d0583922cb3f39bda20aa03b4c0""}]",v1,v1,4c4e68325f859bf9247ce2a3cf9fd7083a109d0583922cb3f39bda20aa03b4c0,PHASE25_RUNTIME_REVIEW:38aa764:ECCENTRICITY:section3-fix12-v2:v1/v1:4c4e68325f859bf9247ce2a3cf9fd7083a109d0583922cb3f39bda20aa03b4c0,VERIFIED,Dr. Y.G prajapati,Independent Regulatory Reviewer,Independent Reviewer,2026-09-29T09:58:00+05:30,true,"Selected v1/v1 because it is the exported compatible runtime binding for this evaluator surface. The selected pair and SHA-256 exactly match the exported runtime binding catalog for implementation baseline 38aa764. This VERIFIED status is limited to the runtime schema selection/binding identity; it does not by itself verify or approve unresolved executable policy values, external-standard procedure constants, or the final regulatory declaration."
ENDURANCE,v1;v2,v1;v2,section15-fix11-v2,"[{""compatible_protocols"":[""ENDURANCE_V1""],""observation_schema_version"":""v1"",""procedure_schema_version"":""v1"",""runtime_binding_sha256"":""a993dbe8685ad152479056adf3c3c40bf21f36d66233808c61e0040222b6796a""},{""compatible_protocols"":[""ENDURANCE_V2""],""observation_schema_version"":""v2"",""procedure_schema_version"":""v2"",""runtime_binding_sha256"":""b0afbe8b7782f5984475a355b98057e7bb332f282450ad5139182e9ccd5131c6""}]",v2,v2,b0afbe8b7782f5984475a355b98057e7bb332f282450ad5139182e9ccd5131c6,PHASE25_RUNTIME_REVIEW:38aa764:ENDURANCE:section15-fix11-v2:v2/v2:b0afbe8b7782f5984475a355b98057e7bb332f282450ad5139182e9ccd5131c6,VERIFIED,Dr. Y.G prajapati,Independent Regulatory Reviewer,Independent Reviewer,2026-09-29T09:58:00+05:30,true,"Selected native v2/v2 because it is the exported compatible higher-version runtime binding for this evaluator surface. The selected pair and SHA-256 exactly match the exported runtime binding catalog for implementation baseline 38aa764. This VERIFIED status is limited to the runtime schema selection/binding identity; it does not by itself verify or approve unresolved executable policy values, external-standard procedure constants, or the final regulatory declaration."
REPEATABILITY,v1,v1,section5-fix12-v2,"[{""compatible_protocols"":[""REPEATABILITY_V1""],""observation_schema_version"":""v1"",""procedure_schema_version"":""v1"",""runtime_binding_sha256"":""cae97f8851742110eaf388f441585cd784d62f6ca23e89ebece495ffa072342b""}]",v1,v1,cae97f8851742110eaf388f441585cd784d62f6ca23e89ebece495ffa072342b,PHASE25_RUNTIME_REVIEW:38aa764:REPEATABILITY:section5-fix12-v2:v1/v1:cae97f8851742110eaf388f441585cd784d62f6ca23e89ebece495ffa072342b,VERIFIED,Dr. Y.G prajapati,Independent Regulatory Reviewer,Independent Reviewer,2026-09-29T09:58:00+05:30,true,"Selected v1/v1 because it is the exported compatible runtime binding for this evaluator surface. The selected pair and SHA-256 exactly match the exported runtime binding catalog for implementation baseline 38aa764. This VERIFIED status is limited to the runtime schema selection/binding identity; it does not by itself verify or approve unresolved executable policy values, external-standard procedure constants, or the final regulatory declaration."
SENSITIVITY,v1,v1,section4-sensitivity-fix12-v2,"[{""compatible_protocols"":[""SENSITIVITY_V1""],""observation_schema_version"":""v1"",""procedure_schema_version"":""v1"",""runtime_binding_sha256"":""d5417047d8aabc8a68bd52eb3e976c6e0a391ca0dfe3cf0277390a2c237c1cba""}]",v1,v1,d5417047d8aabc8a68bd52eb3e976c6e0a391ca0dfe3cf0277390a2c237c1cba,PHASE25_RUNTIME_REVIEW:38aa764:SENSITIVITY:section4-sensitivity-fix12-v2:v1/v1:d5417047d8aabc8a68bd52eb3e976c6e0a391ca0dfe3cf0277390a2c237c1cba,VERIFIED,Dr. Y.G prajapati,Independent Regulatory Reviewer,Independent Reviewer,2026-09-29T09:58:00+05:30,true,"Selected v1/v1 because it is the exported compatible runtime binding for this evaluator surface. The selected pair and SHA-256 exactly match the exported runtime binding catalog for implementation baseline 38aa764. This VERIFIED status is limited to the runtime schema selection/binding identity; it does not by itself verify or approve unresolved executable policy values, external-standard procedure constants, or the final regulatory declaration."
SPAN_STABILITY,v1;v2,v1;v2,section14-fix11-v2,"[{""compatible_protocols"":[""SPAN_STABILITY_V1""],""observation_schema_version"":""v1"",""procedure_schema_version"":""v1"",""runtime_binding_sha256"":""1c6d54fb480ec817de82a1eabd404dd417ea2b4bbc615c67011360b05f070e07""},{""compatible_protocols"":[""SPAN_STABILITY_V2""],""observation_schema_version"":""v2"",""procedure_schema_version"":""v2"",""runtime_binding_sha256"":""ae1c027df1bdca9f958babb010ded69fcb11c4e5e10fe71e3f1b10b72c0482de""}]",v2,v2,ae1c027df1bdca9f958babb010ded69fcb11c4e5e10fe71e3f1b10b72c0482de,PHASE25_RUNTIME_REVIEW:38aa764:SPAN_STABILITY:section14-fix11-v2:v2/v2:ae1c027df1bdca9f958babb010ded69fcb11c4e5e10fe71e3f1b10b72c0482de,VERIFIED,Dr. Y.G prajapati,Independent Regulatory Reviewer,Independent Reviewer,2026-09-29T09:58:00+05:30,true,"Selected native v2/v2 because it is the exported compatible higher-version runtime binding for this evaluator surface. The selected pair and SHA-256 exactly match the exported runtime binding catalog for implementation baseline 38aa764. This VERIFIED status is limited to the runtime schema selection/binding identity; it does not by itself verify or approve unresolved executable policy values, external-standard procedure constants, or the final regulatory declaration."
STABILITY_EQUILIBRIUM,v1;v2,v1;v2,section7-v1,"[{""compatible_protocols"":[""STABILITY_EQUILIBRIUM_V1""],""observation_schema_version"":""v1"",""procedure_schema_version"":""v1"",""runtime_binding_sha256"":""f5ee12903d0dacec2bd0b5ef91c5a300cb1014a051051d00255390caaa3363b1""},{""compatible_protocols"":[""STABILITY_EQUILIBRIUM_V2""],""observation_schema_version"":""v2"",""procedure_schema_version"":""v2"",""runtime_binding_sha256"":""a5c07133e59a8230844412d4cce5089b2c1cec259b60a3596beeb4311607838f""}]",v2,v2,a5c07133e59a8230844412d4cce5089b2c1cec259b60a3596beeb4311607838f,PHASE25_RUNTIME_REVIEW:38aa764:STABILITY_EQUILIBRIUM:section7-v1:v2/v2:a5c07133e59a8230844412d4cce5089b2c1cec259b60a3596beeb4311607838f,VERIFIED,Dr. Y.G prajapati,Independent Regulatory Reviewer,Independent Reviewer,2026-09-29T09:58:00+05:30,true,"Selected native v2/v2 because it is the exported compatible higher-version runtime binding for this evaluator surface. The selected pair and SHA-256 exactly match the exported runtime binding catalog for implementation baseline 38aa764. This VERIFIED status is limited to the runtime schema selection/binding identity; it does not by itself verify or approve unresolved executable policy values, external-standard procedure constants, or the final regulatory declaration."
TARE,v1;v2,v1;v2,section9-v1,"[{""compatible_protocols"":[""TARE_V1""],""observation_schema_version"":""v1"",""procedure_schema_version"":""v1"",""runtime_binding_sha256"":""c8ca8ba674ce451dc5774f72fb447d3b1096c69265d160b8fbcf384b530f59dd""},{""compatible_protocols"":[""TARE_V2""],""observation_schema_version"":""v2"",""procedure_schema_version"":""v2"",""runtime_binding_sha256"":""0d4afab4b85e833cd2f8189fda1aa257e042878d0f768d55f674d508a3b69a2f""}]",v2,v2,0d4afab4b85e833cd2f8189fda1aa257e042878d0f768d55f674d508a3b69a2f,PHASE25_RUNTIME_REVIEW:38aa764:TARE:section9-v1:v2/v2:0d4afab4b85e833cd2f8189fda1aa257e042878d0f768d55f674d508a3b69a2f,VERIFIED,Dr. Y.G prajapati,Independent Regulatory Reviewer,Independent Reviewer,2026-09-29T09:58:00+05:30,true,"Selected native v2/v2 because it is the exported compatible higher-version runtime binding for this evaluator surface. The selected pair and SHA-256 exactly match the exported runtime binding catalog for implementation baseline 38aa764. This VERIFIED status is limited to the runtime schema selection/binding identity; it does not by itself verify or approve unresolved executable policy values, external-standard procedure constants, or the final regulatory declaration."
TEMPERATURE_ZERO,v1,v1,section2-fix12-v2,"[{""compatible_protocols"":[""TEMPERATURE_ZERO_V1""],""observation_schema_version"":""v1"",""procedure_schema_version"":""v1"",""runtime_binding_sha256"":""b8862053aa2e1307567bca9b807f385125dcc13152e4c2ee87f466a8d6ce2dff""}]",v1,v1,b8862053aa2e1307567bca9b807f385125dcc13152e4c2ee87f466a8d6ce2dff,PHASE25_RUNTIME_REVIEW:38aa764:TEMPERATURE_ZERO:section2-fix12-v2:v1/v1:b8862053aa2e1307567bca9b807f385125dcc13152e4c2ee87f466a8d6ce2dff,VERIFIED,Dr. Y.G prajapati,Independent Regulatory Reviewer,Independent Reviewer,2026-09-29T09:58:00+05:30,true,"Selected v1/v1 because it is the exported compatible runtime binding for this evaluator surface. The selected pair and SHA-256 exactly match the exported runtime binding catalog for implementation baseline 38aa764. This VERIFIED status is limited to the runtime schema selection/binding identity; it does not by itself verify or approve unresolved executable policy values, external-standard procedure constants, or the final regulatory declaration."
TILTING,v1;v2,v1;v2,section8-fix12-v2,"[{""compatible_protocols"":[""TILTING_V1""],""observation_schema_version"":""v1"",""procedure_schema_version"":""v1"",""runtime_binding_sha256"":""ecb3bed495036a59a189d91106c67b5d6be58eae95873616a16bee9614f8f3cd""},{""compatible_protocols"":[""TILTING_V2""],""observation_schema_version"":""v2"",""procedure_schema_version"":""v2"",""runtime_binding_sha256"":""9336c1776b9125aa628e68926e6621e1471c0a9beb4cf0fecc583a74c194e9cd""}]",v2,v2,9336c1776b9125aa628e68926e6621e1471c0a9beb4cf0fecc583a74c194e9cd,PHASE25_RUNTIME_REVIEW:38aa764:TILTING:section8-fix12-v2:v2/v2:9336c1776b9125aa628e68926e6621e1471c0a9beb4cf0fecc583a74c194e9cd,VERIFIED,Dr. Y.G prajapati,Independent Regulatory Reviewer,Independent Reviewer,2026-09-29T09:58:00+05:30,true,"Selected native v2/v2 because it is the exported compatible higher-version runtime binding for this evaluator surface. The selected pair and SHA-256 exactly match the exported runtime binding catalog for implementation baseline 38aa764. This VERIFIED status is limited to the runtime schema selection/binding identity; it does not by itself verify or approve unresolved executable policy values, external-standard procedure constants, or the final regulatory declaration."
VOLTAGE_VARIATION,v1;v2,v1;v2,section11-fix11-v2,"[{""compatible_protocols"":[""VOLTAGE_VARIATION_V1""],""observation_schema_version"":""v1"",""procedure_schema_version"":""v1"",""runtime_binding_sha256"":""04545132ec220e6baa64140cae9779b971035ef4566f96ac4132bebdc8e517ad""},{""compatible_protocols"":[""VOLTAGE_VARIATION_V2""],""observation_schema_version"":""v2"",""procedure_schema_version"":""v2"",""runtime_binding_sha256"":""ddf4bfa5f09af60b5366276245c4499c1a16a419883f3eeae1c33fba399c8319""}]",v2,v2,ddf4bfa5f09af60b5366276245c4499c1a16a419883f3eeae1c33fba399c8319,PHASE25_RUNTIME_REVIEW:38aa764:VOLTAGE_VARIATION:section11-fix11-v2:v2/v2:ddf4bfa5f09af60b5366276245c4499c1a16a419883f3eeae1c33fba399c8319,VERIFIED,Dr. Y.G prajapati,Independent Regulatory Reviewer,Independent Reviewer,2026-09-29T09:58:00+05:30,true,"Selected native v2/v2 because it is the exported compatible higher-version runtime binding for this evaluator surface. The selected pair and SHA-256 exactly match the exported runtime binding catalog for implementation baseline 38aa764. This VERIFIED status is limited to the runtime schema selection/binding identity; it does not by itself verify or approve unresolved executable policy values, external-standard procedure constants, or the final regulatory declaration."
WARM_UP,v1;v2,v1;v2,section10-v1,"[{""compatible_protocols"":[""WARM_UP_V1""],""observation_schema_version"":""v1"",""procedure_schema_version"":""v1"",""runtime_binding_sha256"":""71fc8107bbb8067e7ad65359b649a1df46bb276fd8a56b7b6378d7664b358308""},{""compatible_protocols"":[""WARM_UP_V2""],""observation_schema_version"":""v2"",""procedure_schema_version"":""v2"",""runtime_binding_sha256"":""369a995d8cf3de24f7012a4d843bd032fca72e4a042732868c1e1f25c39d13b2""}]",v2,v2,369a995d8cf3de24f7012a4d843bd032fca72e4a042732868c1e1f25c39d13b2,PHASE25_RUNTIME_REVIEW:38aa764:WARM_UP:section10-v1:v2/v2:369a995d8cf3de24f7012a4d843bd032fca72e4a042732868c1e1f25c39d13b2,VERIFIED,Dr. Y.G prajapati,Independent Regulatory Reviewer,Independent Reviewer,2026-09-29T09:58:00+05:30,true,"Selected native v2/v2 because it is the exported compatible higher-version runtime binding for this evaluator surface. The selected pair and SHA-256 exactly match the exported runtime binding catalog for implementation baseline 38aa764. This VERIFIED status is limited to the runtime schema selection/binding identity; it does not by itself verify or approve unresolved executable policy values, external-standard procedure constants, or the final regulatory declaration."
WEIGHING_PERFORMANCE,v1;v2,v1;v2,section1-fix12-v2,"[{""compatible_protocols"":[""WEIGHING_V1""],""observation_schema_version"":""v1"",""procedure_schema_version"":""v1"",""runtime_binding_sha256"":""8ae6511c2fa3331d54e16a8afb4f33e1caee50d1f87d176637a71507823bae6c""},{""compatible_protocols"":[""WEIGHING_STATIC_TEMPERATURE_V2"",""WEIGHING_V2""],""observation_schema_version"":""v2"",""procedure_schema_version"":""v2"",""runtime_binding_sha256"":""75ec2e31e003373cd3aa4366bd8664f61bb73071f965d98c31f6d4da5a5c7080""}]",v2,v2,75ec2e31e003373cd3aa4366bd8664f61bb73071f965d98c31f6d4da5a5c7080,PHASE25_RUNTIME_REVIEW:38aa764:WEIGHING_PERFORMANCE:section1-fix12-v2:v2/v2:75ec2e31e003373cd3aa4366bd8664f61bb73071f965d98c31f6d4da5a5c7080,VERIFIED,Dr. Y.G prajapati,Independent Regulatory Reviewer,Independent Reviewer,2026-09-29T09:58:00+05:30,true,"Selected native v2/v2 because it is the exported compatible higher-version runtime binding for this evaluator surface. The selected pair and SHA-256 exactly match the exported runtime binding catalog for implementation baseline 38aa764. This VERIFIED status is limited to the runtime schema selection/binding identity; it does not by itself verify or approve unresolved executable policy values, external-standard procedure constants, or the final regulatory declaration."
ZERO_RETURN,v1;v2,v1;v2,section6-zero-return-v1,"[{""compatible_protocols"":[""ZERO_RETURN_V1""],""observation_schema_version"":""v1"",""procedure_schema_version"":""v1"",""runtime_binding_sha256"":""15278c704e15be340557f685b9d69995d66f1dae5ce0dc01fdb73cc4a7ebfeb6""},{""compatible_protocols"":[""ZERO_RETURN_V2""],""observation_schema_version"":""v2"",""procedure_schema_version"":""v2"",""runtime_binding_sha256"":""0e682cdf82e323261c4b213e416e54e4fe4cfd87c2fc27a1e7fbb59008dbdae8""}]",v2,v2,0e682cdf82e323261c4b213e416e54e4fe4cfd87c2fc27a1e7fbb59008dbdae8,PHASE25_RUNTIME_REVIEW:38aa764:ZERO_RETURN:section6-zero-return-v1:v2/v2:0e682cdf82e323261c4b213e416e54e4fe4cfd87c2fc27a1e7fbb59008dbdae8,VERIFIED,Dr. Y.G prajapati,Independent Regulatory Reviewer,Independent Reviewer,2026-09-29T09:58:00+05:30,true,"Selected native v2/v2 because it is the exported compatible higher-version runtime binding for this evaluator surface. The selected pair and SHA-256 exactly match the exported runtime binding catalog for implementation baseline 38aa764. This VERIFIED status is limited to the runtime schema selection/binding identity; it does not by itself verify or approve unresolved executable policy values, external-standard procedure constants, or the final regulatory declaration."
