requirement_key,group,r76_1_clause_family,r76_2_report_section,verification_status,activation_allowed,applicability_status,evidence_required
GENERAL_MARKINGS,GENERAL,7.1;A.3.2,17.1,SOURCE_MAPPED_PENDING_INDEPENDENT_SIGNOFF,false,PENDING_INDEPENDENT_VERIFICATION,
GENERAL_SEALING,GENERAL,4.1.2.4;7.2;A.3.3,17.1,SOURCE_MAPPED_PENDING_INDEPENDENT_SIGNOFF,false,PENDING_INDEPENDENT_VERIFICATION,
GENERAL_DOCUMENTATION,GENERAL,8.2.1;8.2.2;A.1;A.2,17.1,SOURCE_MAPPED_PENDING_INDEPENDENT_SIGNOFF,false,PENDING_INDEPENDENT_VERIFICATION,
GENERAL_INDICATION,GENERAL,4.2;4.3;4.4,17.1,SOURCE_MAPPED_PENDING_INDEPENDENT_SIGNOFF,false,PENDING_INDEPENDENT_VERIFICATION,
GENERAL_PRINTING,GENERAL,4.4.2;4.13;4.14,17.1,SOURCE_MAPPED_PENDING_INDEPENDENT_SIGNOFF,false,PENDING_INDEPENDENT_VERIFICATION,
GENERAL_ZERO_SETTING,GENERAL,4.5,17.1,SOURCE_MAPPED_PENDING_INDEPENDENT_SIGNOFF,false,PENDING_INDEPENDENT_VERIFICATION,
GENERAL_TARE,GENERAL,4.6;4.7,17.1,SOURCE_MAPPED_PENDING_INDEPENDENT_SIGNOFF,false,PENDING_INDEPENDENT_VERIFICATION,
GENERAL_RANGES,GENERAL,4.10;4.11,17.1,SOURCE_MAPPED_PENDING_INDEPENDENT_SIGNOFF,false,PENDING_INDEPENDENT_VERIFICATION,
GENERAL_EXTENDED_INDICATION,GENERAL,4.4.3,17.1,SOURCE_MAPPED_PENDING_INDEPENDENT_SIGNOFF,false,PENDING_INDEPENDENT_VERIFICATION,
GENERAL_INTERFACES,GENERAL,5.3.6,17.1,SOURCE_MAPPED_PENDING_INDEPENDENT_SIGNOFF,false,PENDING_INDEPENDENT_VERIFICATION,
DIRECT_SALES_CUSTOMER_VISIBILITY,DIRECT_SALES,4.13.1;4.13.6,17.2,SOURCE_MAPPED_PENDING_INDEPENDENT_SIGNOFF,false,PENDING_INDEPENDENT_VERIFICATION,
DIRECT_SALES_PRICE_DISPLAY,DIRECT_SALES,4.14.1;4.14.2;4.14.3,17.2,SOURCE_MAPPED_PENDING_INDEPENDENT_SIGNOFF,false,PENDING_INDEPENDENT_VERIFICATION,
DIRECT_SALES_TARE_RESTRICTIONS,DIRECT_SALES,4.13.3;4.13.4,17.2,SOURCE_MAPPED_PENDING_INDEPENDENT_SIGNOFF,false,PENDING_INDEPENDENT_VERIFICATION,
DIRECT_SALES_AUTOMATIC_FUNCTIONS,DIRECT_SALES,4.5.4;4.13.3.3,17.2,SOURCE_MAPPED_PENDING_INDEPENDENT_SIGNOFF,false,PENDING_INDEPENDENT_VERIFICATION,
DIRECT_SALES_LABELING,DIRECT_SALES,4.16,17.2,SOURCE_MAPPED_PENDING_INDEPENDENT_SIGNOFF,false,PENDING_INDEPENDENT_VERIFICATION,
DIRECT_SALES_TRANSACTIONS,DIRECT_SALES,4.14.4,17.2,SOURCE_MAPPED_PENDING_INDEPENDENT_SIGNOFF,false,PENDING_INDEPENDENT_VERIFICATION,
ELECTRONIC_FAULT_HANDLING,ELECTRONIC,5.1.1;5.2,17.3,SOURCE_MAPPED_PENDING_INDEPENDENT_SIGNOFF,false,PENDING_INDEPENDENT_VERIFICATION,
ELECTRONIC_POWER_UP,ELECTRONIC,5.3.1,17.3,SOURCE_MAPPED_PENDING_INDEPENDENT_SIGNOFF,false,PENDING_INDEPENDENT_VERIFICATION,
ELECTRONIC_DISPLAY_TEST,ELECTRONIC,5.3.1,17.3,SOURCE_MAPPED_PENDING_INDEPENDENT_SIGNOFF,false,PENDING_INDEPENDENT_VERIFICATION,
ELECTRONIC_INTERFACES,ELECTRONIC,5.3.6,17.3,SOURCE_MAPPED_PENDING_INDEPENDENT_SIGNOFF,false,PENDING_INDEPENDENT_VERIFICATION,
ELECTRONIC_PERIPHERALS,ELECTRONIC,5.3.6,17.3,SOURCE_MAPPED_PENDING_INDEPENDENT_SIGNOFF,false,PENDING_INDEPENDENT_VERIFICATION,
ELECTRONIC_BATTERY,ELECTRONIC,5.3.5,17.3,SOURCE_MAPPED_PENDING_INDEPENDENT_SIGNOFF,false,PENDING_INDEPENDENT_VERIFICATION,
ELECTRONIC_FUNCTIONAL_INTEGRITY,ELECTRONIC,5.1;5.2;5.3,17.3,SOURCE_MAPPED_PENDING_INDEPENDENT_SIGNOFF,false,PENDING_INDEPENDENT_VERIFICATION,
SOFTWARE_CONTROLLED_EMBEDDED_SOFTWARE,SOFTWARE_CONTROLLED,5.5.1;G.1,17.4,SOURCE_MAPPED_PENDING_INDEPENDENT_SIGNOFF,false,PENDING_INDEPENDENT_VERIFICATION,
SOFTWARE_CONTROLLED_LOADABLE_SOFTWARE,SOFTWARE_CONTROLLED,5.5.2.2;G.2,17.4,SOURCE_MAPPED_PENDING_INDEPENDENT_SIGNOFF,false,PENDING_INDEPENDENT_VERIFICATION,
SOFTWARE_CONTROLLED_SOFTWARE_IDENTIFICATION,SOFTWARE_CONTROLLED,5.5.1;5.5.2.2;G.1;G.2.4,17.4,SOURCE_MAPPED_PENDING_INDEPENDENT_SIGNOFF,false,PENDING_INDEPENDENT_VERIFICATION,
SOFTWARE_CONTROLLED_DATA_STORAGE,SOFTWARE_CONTROLLED,5.5.3;G.3,17.4,SOURCE_MAPPED_PENDING_INDEPENDENT_SIGNOFF,false,PENDING_INDEPENDENT_VERIFICATION,
