item_type,item_key,group,candidate_text,candidate_applicability,candidate_evidence_required,source_part,source_edition,candidate_source_identity,candidate_source_clause,candidate_source_digest,candidate_verification_status,review_status,verified_text,verified_applicability_policy_json,verified_evidence_required,verified_source_part,verified_source_edition,verified_source_identity,verified_source_clause,verified_source_digest,verified_by,verifier_role,verified_at,evidence_reference,independent_of_implementation,review_notes
CHECKLIST,DIRECT_SALES_AUTOMATIC_FUNCTIONS,DIRECT_SALES,"Candidate domain: automatic functions. Exact clause, wording, applicability and evidence requirements await regulatory verification.",TODO_REGULATORY_VALIDATION,,R76-1,2006,OIML R 76-1:2006; source digest and clauses pending verification,,,TODO_REGULATORY_VALIDATION,PENDING,"Candidate domain: automatic functions. Exact clause, wording, applicability and evidence requirements await regulatory verification.","{""schema_version"":""v1"",""demo_only"":true,""candidate_value"":""TODO_REGULATORY_VALIDATION"",""note"":""Copied only as demo context; not regulatory verification.""}",false,R76-1,2006,OIML R 76-1:2006; source digest and clauses pending verification,DEMO_ONLY,,"DEMO ONLY — SYNTHETIC REVIEWER, NOT A REGULATORY VERIFIER",SYNTHETIC FIXTURE,2026-09-28T16:44:00+05:30,DEMO_ONLY — ENGINEERING INTEGRATION DATA — NOT REGULATORY EVIDENCE,false,DEMO_ONLY: synthetic engineering data. Must be replaced by independent reviewer conclusions.
CHECKLIST,DIRECT_SALES_CUSTOMER_VISIBILITY,DIRECT_SALES,"Candidate domain: customer visibility. Exact clause, wording, applicability and evidence requirements await regulatory verification.",TODO_REGULATORY_VALIDATION,,R76-1,2006,OIML R 76-1:2006; source digest and clauses pending verification,,,TODO_REGULATORY_VALIDATION,PENDING,"Candidate domain: customer visibility. Exact clause, wording, applicability and evidence requirements await regulatory verification.","{""schema_version"":""v1"",""demo_only"":true,""candidate_value"":""TODO_REGULATORY_VALIDATION"",""note"":""Copied only as demo context; not regulatory verification.""}",false,R76-1,2006,OIML R 76-1:2006; source digest and clauses pending verification,DEMO_ONLY,,"DEMO ONLY — SYNTHETIC REVIEWER, NOT A REGULATORY VERIFIER",SYNTHETIC FIXTURE,2026-09-28T16:44:00+05:30,DEMO_ONLY — ENGINEERING INTEGRATION DATA — NOT REGULATORY EVIDENCE,false,DEMO_ONLY: synthetic engineering data. Must be replaced by independent reviewer conclusions.
CHECKLIST,DIRECT_SALES_LABELING,DIRECT_SALES,"Candidate domain: labeling. Exact clause, wording, applicability and evidence requirements await regulatory verification.",TODO_REGULATORY_VALIDATION,,R76-1,2006,OIML R 76-1:2006; source digest and clauses pending verification,,,TODO_REGULATORY_VALIDATION,PENDING,"Candidate domain: labeling. Exact clause, wording, applicability and evidence requirements await regulatory verification.","{""schema_version"":""v1"",""demo_only"":true,""candidate_value"":""TODO_REGULATORY_VALIDATION"",""note"":""Copied only as demo context; not regulatory verification.""}",false,R76-1,2006,OIML R 76-1:2006; source digest and clauses pending verification,DEMO_ONLY,,"DEMO ONLY — SYNTHETIC REVIEWER, NOT A REGULATORY VERIFIER",SYNTHETIC FIXTURE,2026-09-28T16:44:00+05:30,DEMO_ONLY — ENGINEERING INTEGRATION DATA — NOT REGULATORY EVIDENCE,false,DEMO_ONLY: synthetic engineering data. Must be replaced by independent reviewer conclusions.
CHECKLIST,DIRECT_SALES_PRICE_DISPLAY,DIRECT_SALES,"Candidate domain: price display. Exact clause, wording, applicability and evidence requirements await regulatory verification.",TODO_REGULATORY_VALIDATION,,R76-1,2006,OIML R 76-1:2006; source digest and clauses pending verification,,,TODO_REGULATORY_VALIDATION,PENDING,"Candidate domain: price display. Exact clause, wording, applicability and evidence requirements await regulatory verification.","{""schema_version"":""v1"",""demo_only"":true,""candidate_value"":""TODO_REGULATORY_VALIDATION"",""note"":""Copied only as demo context; not regulatory verification.""}",false,R76-1,2006,OIML R 76-1:2006; source digest and clauses pending verification,DEMO_ONLY,,"DEMO ONLY — SYNTHETIC REVIEWER, NOT A REGULATORY VERIFIER",SYNTHETIC FIXTURE,2026-09-28T16:44:00+05:30,DEMO_ONLY — ENGINEERING INTEGRATION DATA — NOT REGULATORY EVIDENCE,false,DEMO_ONLY: synthetic engineering data. Must be replaced by independent reviewer conclusions.
CHECKLIST,DIRECT_SALES_TARE_RESTRICTIONS,DIRECT_SALES,"Candidate domain: tare restrictions. Exact clause, wording, applicability and evidence requirements await regulatory verification.",TODO_REGULATORY_VALIDATION,,R76-1,2006,OIML R 76-1:2006; source digest and clauses pending verification,,,TODO_REGULATORY_VALIDATION,PENDING,"Candidate domain: tare restrictions. Exact clause, wording, applicability and evidence requirements await regulatory verification.","{""schema_version"":""v1"",""demo_only"":true,""candidate_value"":""TODO_REGULATORY_VALIDATION"",""note"":""Copied only as demo context; not regulatory verification.""}",false,R76-1,2006,OIML R 76-1:2006; source digest and clauses pending verification,DEMO_ONLY,,"DEMO ONLY — SYNTHETIC REVIEWER, NOT A REGULATORY VERIFIER",SYNTHETIC FIXTURE,2026-09-28T16:44:00+05:30,DEMO_ONLY — ENGINEERING INTEGRATION DATA — NOT REGULATORY EVIDENCE,false,DEMO_ONLY: synthetic engineering data. Must be replaced by independent reviewer conclusions.
CHECKLIST,DIRECT_SALES_TRANSACTIONS,DIRECT_SALES,"Candidate domain: transactions. Exact clause, wording, applicability and evidence requirements await regulatory verification.",TODO_REGULATORY_VALIDATION,,R76-1,2006,OIML R 76-1:2006; source digest and clauses pending verification,,,TODO_REGULATORY_VALIDATION,PENDING,"Candidate domain: transactions. Exact clause, wording, applicability and evidence requirements await regulatory verification.","{""schema_version"":""v1"",""demo_only"":true,""candidate_value"":""TODO_REGULATORY_VALIDATION"",""note"":""Copied only as demo context; not regulatory verification.""}",false,R76-1,2006,OIML R 76-1:2006; source digest and clauses pending verification,DEMO_ONLY,,"DEMO ONLY — SYNTHETIC REVIEWER, NOT A REGULATORY VERIFIER",SYNTHETIC FIXTURE,2026-09-28T16:44:00+05:30,DEMO_ONLY — ENGINEERING INTEGRATION DATA — NOT REGULATORY EVIDENCE,false,DEMO_ONLY: synthetic engineering data. Must be replaced by independent reviewer conclusions.
CHECKLIST,ELECTRONIC_BATTERY,ELECTRONIC,"Candidate domain: battery. Exact clause, wording, applicability and evidence requirements await regulatory verification.",TODO_REGULATORY_VALIDATION,,R76-1,2006,OIML R 76-1:2006; source digest and clauses pending verification,,,TODO_REGULATORY_VALIDATION,PENDING,"Candidate domain: battery. Exact clause, wording, applicability and evidence requirements await regulatory verification.","{""schema_version"":""v1"",""demo_only"":true,""candidate_value"":""TODO_REGULATORY_VALIDATION"",""note"":""Copied only as demo context; not regulatory verification.""}",false,R76-1,2006,OIML R 76-1:2006; source digest and clauses pending verification,DEMO_ONLY,,"DEMO ONLY — SYNTHETIC REVIEWER, NOT A REGULATORY VERIFIER",SYNTHETIC FIXTURE,2026-09-28T16:44:00+05:30,DEMO_ONLY — ENGINEERING INTEGRATION DATA — NOT REGULATORY EVIDENCE,false,DEMO_ONLY: synthetic engineering data. Must be replaced by independent reviewer conclusions.
CHECKLIST,ELECTRONIC_DISPLAY_TEST,ELECTRONIC,"Candidate domain: display test. Exact clause, wording, applicability and evidence requirements await regulatory verification.",TODO_REGULATORY_VALIDATION,,R76-1,2006,OIML R 76-1:2006; source digest and clauses pending verification,,,TODO_REGULATORY_VALIDATION,PENDING,"Candidate domain: display test. Exact clause, wording, applicability and evidence requirements await regulatory verification.","{""schema_version"":""v1"",""demo_only"":true,""candidate_value"":""TODO_REGULATORY_VALIDATION"",""note"":""Copied only as demo context; not regulatory verification.""}",false,R76-1,2006,OIML R 76-1:2006; source digest and clauses pending verification,DEMO_ONLY,,"DEMO ONLY — SYNTHETIC REVIEWER, NOT A REGULATORY VERIFIER",SYNTHETIC FIXTURE,2026-09-28T16:44:00+05:30,DEMO_ONLY — ENGINEERING INTEGRATION DATA — NOT REGULATORY EVIDENCE,false,DEMO_ONLY: synthetic engineering data. Must be replaced by independent reviewer conclusions.
CHECKLIST,ELECTRONIC_FAULT_HANDLING,ELECTRONIC,"Candidate domain: fault handling. Exact clause, wording, applicability and evidence requirements await regulatory verification.",TODO_REGULATORY_VALIDATION,,R76-1,2006,OIML R 76-1:2006; source digest and clauses pending verification,,,TODO_REGULATORY_VALIDATION,PENDING,"Candidate domain: fault handling. Exact clause, wording, applicability and evidence requirements await regulatory verification.","{""schema_version"":""v1"",""demo_only"":true,""candidate_value"":""TODO_REGULATORY_VALIDATION"",""note"":""Copied only as demo context; not regulatory verification.""}",false,R76-1,2006,OIML R 76-1:2006; source digest and clauses pending verification,DEMO_ONLY,,"DEMO ONLY — SYNTHETIC REVIEWER, NOT A REGULATORY VERIFIER",SYNTHETIC FIXTURE,2026-09-28T16:44:00+05:30,DEMO_ONLY — ENGINEERING INTEGRATION DATA — NOT REGULATORY EVIDENCE,false,DEMO_ONLY: synthetic engineering data. Must be replaced by independent reviewer conclusions.
CHECKLIST,ELECTRONIC_FUNCTIONAL_INTEGRITY,ELECTRONIC,"Candidate domain: functional integrity. Exact clause, wording, applicability and evidence requirements await regulatory verification.",TODO_REGULATORY_VALIDATION,,R76-1,2006,OIML R 76-1:2006; source digest and clauses pending verification,,,TODO_REGULATORY_VALIDATION,PENDING,"Candidate domain: functional integrity. Exact clause, wording, applicability and evidence requirements await regulatory verification.","{""schema_version"":""v1"",""demo_only"":true,""candidate_value"":""TODO_REGULATORY_VALIDATION"",""note"":""Copied only as demo context; not regulatory verification.""}",false,R76-1,2006,OIML R 76-1:2006; source digest and clauses pending verification,DEMO_ONLY,,"DEMO ONLY — SYNTHETIC REVIEWER, NOT A REGULATORY VERIFIER",SYNTHETIC FIXTURE,2026-09-28T16:44:00+05:30,DEMO_ONLY — ENGINEERING INTEGRATION DATA — NOT REGULATORY EVIDENCE,false,DEMO_ONLY: synthetic engineering data. Must be replaced by independent reviewer conclusions.
CHECKLIST,ELECTRONIC_INTERFACES,ELECTRONIC,"Candidate domain: interfaces. Exact clause, wording, applicability and evidence requirements await regulatory verification.",TODO_REGULATORY_VALIDATION,,R76-1,2006,OIML R 76-1:2006; source digest and clauses pending verification,,,TODO_REGULATORY_VALIDATION,PENDING,"Candidate domain: interfaces. Exact clause, wording, applicability and evidence requirements await regulatory verification.","{""schema_version"":""v1"",""demo_only"":true,""candidate_value"":""TODO_REGULATORY_VALIDATION"",""note"":""Copied only as demo context; not regulatory verification.""}",false,R76-1,2006,OIML R 76-1:2006; source digest and clauses pending verification,DEMO_ONLY,,"DEMO ONLY — SYNTHETIC REVIEWER, NOT A REGULATORY VERIFIER",SYNTHETIC FIXTURE,2026-09-28T16:44:00+05:30,DEMO_ONLY — ENGINEERING INTEGRATION DATA — NOT REGULATORY EVIDENCE,false,DEMO_ONLY: synthetic engineering data. Must be replaced by independent reviewer conclusions.
CHECKLIST,ELECTRONIC_PERIPHERALS,ELECTRONIC,"Candidate domain: peripherals. Exact clause, wording, applicability and evidence requirements await regulatory verification.",TODO_REGULATORY_VALIDATION,,R76-1,2006,OIML R 76-1:2006; source digest and clauses pending verification,,,TODO_REGULATORY_VALIDATION,PENDING,"Candidate domain: peripherals. Exact clause, wording, applicability and evidence requirements await regulatory verification.","{""schema_version"":""v1"",""demo_only"":true,""candidate_value"":""TODO_REGULATORY_VALIDATION"",""note"":""Copied only as demo context; not regulatory verification.""}",false,R76-1,2006,OIML R 76-1:2006; source digest and clauses pending verification,DEMO_ONLY,,"DEMO ONLY — SYNTHETIC REVIEWER, NOT A REGULATORY VERIFIER",SYNTHETIC FIXTURE,2026-09-28T16:44:00+05:30,DEMO_ONLY — ENGINEERING INTEGRATION DATA — NOT REGULATORY EVIDENCE,false,DEMO_ONLY: synthetic engineering data. Must be replaced by independent reviewer conclusions.
CHECKLIST,ELECTRONIC_POWER_UP,ELECTRONIC,"Candidate domain: power up. Exact clause, wording, applicability and evidence requirements await regulatory verification.",TODO_REGULATORY_VALIDATION,,R76-1,2006,OIML R 76-1:2006; source digest and clauses pending verification,,,TODO_REGULATORY_VALIDATION,PENDING,"Candidate domain: power up. Exact clause, wording, applicability and evidence requirements await regulatory verification.","{""schema_version"":""v1"",""demo_only"":true,""candidate_value"":""TODO_REGULATORY_VALIDATION"",""note"":""Copied only as demo context; not regulatory verification.""}",false,R76-1,2006,OIML R 76-1:2006; source digest and clauses pending verification,DEMO_ONLY,,"DEMO ONLY — SYNTHETIC REVIEWER, NOT A REGULATORY VERIFIER",SYNTHETIC FIXTURE,2026-09-28T16:44:00+05:30,DEMO_ONLY — ENGINEERING INTEGRATION DATA — NOT REGULATORY EVIDENCE,false,DEMO_ONLY: synthetic engineering data. Must be replaced by independent reviewer conclusions.
CHECKLIST,GENERAL_DOCUMENTATION,GENERAL,"Candidate domain: documentation. Exact clause, wording, applicability and evidence requirements await regulatory verification.",TODO_REGULATORY_VALIDATION,,R76-1,2006,OIML R 76-1:2006; source digest and clauses pending verification,,,TODO_REGULATORY_VALIDATION,PENDING,"Candidate domain: documentation. Exact clause, wording, applicability and evidence requirements await regulatory verification.","{""schema_version"":""v1"",""demo_only"":true,""candidate_value"":""TODO_REGULATORY_VALIDATION"",""note"":""Copied only as demo context; not regulatory verification.""}",false,R76-1,2006,OIML R 76-1:2006; source digest and clauses pending verification,DEMO_ONLY,,"DEMO ONLY — SYNTHETIC REVIEWER, NOT A REGULATORY VERIFIER",SYNTHETIC FIXTURE,2026-09-28T16:44:00+05:30,DEMO_ONLY — ENGINEERING INTEGRATION DATA — NOT REGULATORY EVIDENCE,false,DEMO_ONLY: synthetic engineering data. Must be replaced by independent reviewer conclusions.
CHECKLIST,GENERAL_EXTENDED_INDICATION,GENERAL,"Candidate domain: extended indication. Exact clause, wording, applicability and evidence requirements await regulatory verification.",TODO_REGULATORY_VALIDATION,,R76-1,2006,OIML R 76-1:2006; source digest and clauses pending verification,,,TODO_REGULATORY_VALIDATION,PENDING,"Candidate domain: extended indication. Exact clause, wording, applicability and evidence requirements await regulatory verification.","{""schema_version"":""v1"",""demo_only"":true,""candidate_value"":""TODO_REGULATORY_VALIDATION"",""note"":""Copied only as demo context; not regulatory verification.""}",false,R76-1,2006,OIML R 76-1:2006; source digest and clauses pending verification,DEMO_ONLY,,"DEMO ONLY — SYNTHETIC REVIEWER, NOT A REGULATORY VERIFIER",SYNTHETIC FIXTURE,2026-09-28T16:44:00+05:30,DEMO_ONLY — ENGINEERING INTEGRATION DATA — NOT REGULATORY EVIDENCE,false,DEMO_ONLY: synthetic engineering data. Must be replaced by independent reviewer conclusions.
CHECKLIST,GENERAL_INDICATION,GENERAL,"Candidate domain: indication. Exact clause, wording, applicability and evidence requirements await regulatory verification.",TODO_REGULATORY_VALIDATION,,R76-1,2006,OIML R 76-1:2006; source digest and clauses pending verification,,,TODO_REGULATORY_VALIDATION,PENDING,"Candidate domain: indication. Exact clause, wording, applicability and evidence requirements await regulatory verification.","{""schema_version"":""v1"",""demo_only"":true,""candidate_value"":""TODO_REGULATORY_VALIDATION"",""note"":""Copied only as demo context; not regulatory verification.""}",false,R76-1,2006,OIML R 76-1:2006; source digest and clauses pending verification,DEMO_ONLY,,"DEMO ONLY — SYNTHETIC REVIEWER, NOT A REGULATORY VERIFIER",SYNTHETIC FIXTURE,2026-09-28T16:44:00+05:30,DEMO_ONLY — ENGINEERING INTEGRATION DATA — NOT REGULATORY EVIDENCE,false,DEMO_ONLY: synthetic engineering data. Must be replaced by independent reviewer conclusions.
CHECKLIST,GENERAL_INTERFACES,GENERAL,"Candidate domain: interfaces. Exact clause, wording, applicability and evidence requirements await regulatory verification.",TODO_REGULATORY_VALIDATION,,R76-1,2006,OIML R 76-1:2006; source digest and clauses pending verification,,,TODO_REGULATORY_VALIDATION,PENDING,"Candidate domain: interfaces. Exact clause, wording, applicability and evidence requirements await regulatory verification.","{""schema_version"":""v1"",""demo_only"":true,""candidate_value"":""TODO_REGULATORY_VALIDATION"",""note"":""Copied only as demo context; not regulatory verification.""}",false,R76-1,2006,OIML R 76-1:2006; source digest and clauses pending verification,DEMO_ONLY,,"DEMO ONLY — SYNTHETIC REVIEWER, NOT A REGULATORY VERIFIER",SYNTHETIC FIXTURE,2026-09-28T16:44:00+05:30,DEMO_ONLY — ENGINEERING INTEGRATION DATA — NOT REGULATORY EVIDENCE,false,DEMO_ONLY: synthetic engineering data. Must be replaced by independent reviewer conclusions.
CHECKLIST,GENERAL_MARKINGS,GENERAL,"Candidate domain: markings. Exact clause, wording, applicability and evidence requirements await regulatory verification.",TODO_REGULATORY_VALIDATION,,R76-1,2006,OIML R 76-1:2006; source digest and clauses pending verification,,,TODO_REGULATORY_VALIDATION,PENDING,"Candidate domain: markings. Exact clause, wording, applicability and evidence requirements await regulatory verification.","{""schema_version"":""v1"",""demo_only"":true,""candidate_value"":""TODO_REGULATORY_VALIDATION"",""note"":""Copied only as demo context; not regulatory verification.""}",false,R76-1,2006,OIML R 76-1:2006; source digest and clauses pending verification,DEMO_ONLY,,"DEMO ONLY — SYNTHETIC REVIEWER, NOT A REGULATORY VERIFIER",SYNTHETIC FIXTURE,2026-09-28T16:44:00+05:30,DEMO_ONLY — ENGINEERING INTEGRATION DATA — NOT REGULATORY EVIDENCE,false,DEMO_ONLY: synthetic engineering data. Must be replaced by independent reviewer conclusions.
CHECKLIST,GENERAL_PRINTING,GENERAL,"Candidate domain: printing. Exact clause, wording, applicability and evidence requirements await regulatory verification.",TODO_REGULATORY_VALIDATION,,R76-1,2006,OIML R 76-1:2006; source digest and clauses pending verification,,,TODO_REGULATORY_VALIDATION,PENDING,"Candidate domain: printing. Exact clause, wording, applicability and evidence requirements await regulatory verification.","{""schema_version"":""v1"",""demo_only"":true,""candidate_value"":""TODO_REGULATORY_VALIDATION"",""note"":""Copied only as demo context; not regulatory verification.""}",false,R76-1,2006,OIML R 76-1:2006; source digest and clauses pending verification,DEMO_ONLY,,"DEMO ONLY — SYNTHETIC REVIEWER, NOT A REGULATORY VERIFIER",SYNTHETIC FIXTURE,2026-09-28T16:44:00+05:30,DEMO_ONLY — ENGINEERING INTEGRATION DATA — NOT REGULATORY EVIDENCE,false,DEMO_ONLY: synthetic engineering data. Must be replaced by independent reviewer conclusions.
CHECKLIST,GENERAL_RANGES,GENERAL,"Candidate domain: ranges. Exact clause, wording, applicability and evidence requirements await regulatory verification.",TODO_REGULATORY_VALIDATION,,R76-1,2006,OIML R 76-1:2006; source digest and clauses pending verification,,,TODO_REGULATORY_VALIDATION,PENDING,"Candidate domain: ranges. Exact clause, wording, applicability and evidence requirements await regulatory verification.","{""schema_version"":""v1"",""demo_only"":true,""candidate_value"":""TODO_REGULATORY_VALIDATION"",""note"":""Copied only as demo context; not regulatory verification.""}",false,R76-1,2006,OIML R 76-1:2006; source digest and clauses pending verification,DEMO_ONLY,,"DEMO ONLY — SYNTHETIC REVIEWER, NOT A REGULATORY VERIFIER",SYNTHETIC FIXTURE,2026-09-28T16:44:00+05:30,DEMO_ONLY — ENGINEERING INTEGRATION DATA — NOT REGULATORY EVIDENCE,false,DEMO_ONLY: synthetic engineering data. Must be replaced by independent reviewer conclusions.
CHECKLIST,GENERAL_SEALING,GENERAL,"Candidate domain: sealing. Exact clause, wording, applicability and evidence requirements await regulatory verification.",TODO_REGULATORY_VALIDATION,,R76-1,2006,OIML R 76-1:2006; source digest and clauses pending verification,,,TODO_REGULATORY_VALIDATION,PENDING,"Candidate domain: sealing. Exact clause, wording, applicability and evidence requirements await regulatory verification.","{""schema_version"":""v1"",""demo_only"":true,""candidate_value"":""TODO_REGULATORY_VALIDATION"",""note"":""Copied only as demo context; not regulatory verification.""}",false,R76-1,2006,OIML R 76-1:2006; source digest and clauses pending verification,DEMO_ONLY,,"DEMO ONLY — SYNTHETIC REVIEWER, NOT A REGULATORY VERIFIER",SYNTHETIC FIXTURE,2026-09-28T16:44:00+05:30,DEMO_ONLY — ENGINEERING INTEGRATION DATA — NOT REGULATORY EVIDENCE,false,DEMO_ONLY: synthetic engineering data. Must be replaced by independent reviewer conclusions.
CHECKLIST,GENERAL_TARE,GENERAL,"Candidate domain: tare. Exact clause, wording, applicability and evidence requirements await regulatory verification.",TODO_REGULATORY_VALIDATION,,R76-1,2006,OIML R 76-1:2006; source digest and clauses pending verification,,,TODO_REGULATORY_VALIDATION,PENDING,"Candidate domain: tare. Exact clause, wording, applicability and evidence requirements await regulatory verification.","{""schema_version"":""v1"",""demo_only"":true,""candidate_value"":""TODO_REGULATORY_VALIDATION"",""note"":""Copied only as demo context; not regulatory verification.""}",false,R76-1,2006,OIML R 76-1:2006; source digest and clauses pending verification,DEMO_ONLY,,"DEMO ONLY — SYNTHETIC REVIEWER, NOT A REGULATORY VERIFIER",SYNTHETIC FIXTURE,2026-09-28T16:44:00+05:30,DEMO_ONLY — ENGINEERING INTEGRATION DATA — NOT REGULATORY EVIDENCE,false,DEMO_ONLY: synthetic engineering data. Must be replaced by independent reviewer conclusions.
CHECKLIST,GENERAL_ZERO_SETTING,GENERAL,"Candidate domain: zero setting. Exact clause, wording, applicability and evidence requirements await regulatory verification.",TODO_REGULATORY_VALIDATION,,R76-1,2006,OIML R 76-1:2006; source digest and clauses pending verification,,,TODO_REGULATORY_VALIDATION,PENDING,"Candidate domain: zero setting. Exact clause, wording, applicability and evidence requirements await regulatory verification.","{""schema_version"":""v1"",""demo_only"":true,""candidate_value"":""TODO_REGULATORY_VALIDATION"",""note"":""Copied only as demo context; not regulatory verification.""}",false,R76-1,2006,OIML R 76-1:2006; source digest and clauses pending verification,DEMO_ONLY,,"DEMO ONLY — SYNTHETIC REVIEWER, NOT A REGULATORY VERIFIER",SYNTHETIC FIXTURE,2026-09-28T16:44:00+05:30,DEMO_ONLY — ENGINEERING INTEGRATION DATA — NOT REGULATORY EVIDENCE,false,DEMO_ONLY: synthetic engineering data. Must be replaced by independent reviewer conclusions.
CHECKLIST,SOFTWARE_CONTROLLED_DATA_STORAGE,SOFTWARE_CONTROLLED,"Candidate domain: data storage. Exact clause, wording, applicability and evidence requirements await regulatory verification.",TODO_REGULATORY_VALIDATION,,R76-1,2006,OIML R 76-1:2006; source digest and clauses pending verification,,,TODO_REGULATORY_VALIDATION,PENDING,"Candidate domain: data storage. Exact clause, wording, applicability and evidence requirements await regulatory verification.","{""schema_version"":""v1"",""demo_only"":true,""candidate_value"":""TODO_REGULATORY_VALIDATION"",""note"":""Copied only as demo context; not regulatory verification.""}",false,R76-1,2006,OIML R 76-1:2006; source digest and clauses pending verification,DEMO_ONLY,,"DEMO ONLY — SYNTHETIC REVIEWER, NOT A REGULATORY VERIFIER",SYNTHETIC FIXTURE,2026-09-28T16:44:00+05:30,DEMO_ONLY — ENGINEERING INTEGRATION DATA — NOT REGULATORY EVIDENCE,false,DEMO_ONLY: synthetic engineering data. Must be replaced by independent reviewer conclusions.
CHECKLIST,SOFTWARE_CONTROLLED_EMBEDDED_SOFTWARE,SOFTWARE_CONTROLLED,"Candidate domain: embedded software. Exact clause, wording, applicability and evidence requirements await regulatory verification.",TODO_REGULATORY_VALIDATION,,R76-1,2006,OIML R 76-1:2006; source digest and clauses pending verification,,,TODO_REGULATORY_VALIDATION,PENDING,"Candidate domain: embedded software. Exact clause, wording, applicability and evidence requirements await regulatory verification.","{""schema_version"":""v1"",""demo_only"":true,""candidate_value"":""TODO_REGULATORY_VALIDATION"",""note"":""Copied only as demo context; not regulatory verification.""}",false,R76-1,2006,OIML R 76-1:2006; source digest and clauses pending verification,DEMO_ONLY,,"DEMO ONLY — SYNTHETIC REVIEWER, NOT A REGULATORY VERIFIER",SYNTHETIC FIXTURE,2026-09-28T16:44:00+05:30,DEMO_ONLY — ENGINEERING INTEGRATION DATA — NOT REGULATORY EVIDENCE,false,DEMO_ONLY: synthetic engineering data. Must be replaced by independent reviewer conclusions.
CHECKLIST,SOFTWARE_CONTROLLED_LOADABLE_SOFTWARE,SOFTWARE_CONTROLLED,"Candidate domain: loadable software. Exact clause, wording, applicability and evidence requirements await regulatory verification.",TODO_REGULATORY_VALIDATION,,R76-1,2006,OIML R 76-1:2006; source digest and clauses pending verification,,,TODO_REGULATORY_VALIDATION,PENDING,"Candidate domain: loadable software. Exact clause, wording, applicability and evidence requirements await regulatory verification.","{""schema_version"":""v1"",""demo_only"":true,""candidate_value"":""TODO_REGULATORY_VALIDATION"",""note"":""Copied only as demo context; not regulatory verification.""}",false,R76-1,2006,OIML R 76-1:2006; source digest and clauses pending verification,DEMO_ONLY,,"DEMO ONLY — SYNTHETIC REVIEWER, NOT A REGULATORY VERIFIER",SYNTHETIC FIXTURE,2026-09-28T16:44:00+05:30,DEMO_ONLY — ENGINEERING INTEGRATION DATA — NOT REGULATORY EVIDENCE,false,DEMO_ONLY: synthetic engineering data. Must be replaced by independent reviewer conclusions.
CHECKLIST,SOFTWARE_CONTROLLED_SOFTWARE_IDENTIFICATION,SOFTWARE_CONTROLLED,"Candidate domain: software identification. Exact clause, wording, applicability and evidence requirements await regulatory verification.",TODO_REGULATORY_VALIDATION,,R76-1,2006,OIML R 76-1:2006; source digest and clauses pending verification,,,TODO_REGULATORY_VALIDATION,PENDING,"Candidate domain: software identification. Exact clause, wording, applicability and evidence requirements await regulatory verification.","{""schema_version"":""v1"",""demo_only"":true,""candidate_value"":""TODO_REGULATORY_VALIDATION"",""note"":""Copied only as demo context; not regulatory verification.""}",false,R76-1,2006,OIML R 76-1:2006; source digest and clauses pending verification,DEMO_ONLY,,"DEMO ONLY — SYNTHETIC REVIEWER, NOT A REGULATORY VERIFIER",SYNTHETIC FIXTURE,2026-09-28T16:44:00+05:30,DEMO_ONLY — ENGINEERING INTEGRATION DATA — NOT REGULATORY EVIDENCE,false,DEMO_ONLY: synthetic engineering data. Must be replaced by independent reviewer conclusions.
